"id","yend","color","start","end","curvature","dif","ystart"
"78988700",1,"однакову",100,100,-44.9890074534828,0,0
"78988700",2,"більшу",100,105.464863821398,-34.3396428762937,297.9,1
"78988700",3,"більшу",105.464863821398,114.438537453534,-35.5014567358393,265.4,2
"79023354",1,"однакову",100,100,-44.9890074534828,0,0
"79023354",2,"меншу",100,92.7701700117905,-49.1322144172163,-115.9,1
"79064464",1,"однакову",100,100,-44.9890074534828,0,0
"79064464",2,"меншу",100,90.1463717361912,-47.1846569074303,-61.4200000000001,1
"79070916",1,"однакову",100,100,-44.9890074534828,0,0
"79070916",2,"меншу",100,93.6344248673413,-51.7454018982251,-189,1
"79074599",1,"однакову",100,100,-44.9890074534828,0,0
"79074599",2,"меншу",100,93.5098471865058,-49.3163172288058,-121.05,1
"79074599",3,"більшу",93.5098471865058,102.301889036316,-43.5465708617084,40.35,2
"79074599",4,"більшу",102.301889036316,109.90372159984,-30.5163815754196,404.85,3
"79110930",1,"однакову",100,100,-44.9890074534828,0,0
"79110930",2,"більшу",100,105.693069790723,-39.8898957942338,142.64,1
"79110930",3,"меншу",105.693069790723,97.9170592711307,-48.7943946949792,-106.45,2
"79115046",1,"однакову",100,100,-44.9890074534828,0,0
"79115046",2,"більшу",100,106.505922157085,-44.8549520081506,3.75,1
"79118666",1,"однакову",100,100,-44.9890074534828,0,0
"79118666",2,"меншу",100,91.915533823194,-47.9328650329776,-82.35,1
"79123595",1,"однакову",100,100,-44.9890074534828,0,0
"79123595",2,"однакову",100,100,-44.9890074534828,0,1
"79150859",1,"однакову",100,100,-44.9890074534828,0,0
"79150859",2,"меншу",100,90.5185882106889,-60.3006416787317,-428.32,1
"79150859",3,"однакову",90.5185882106889,90.5185882106889,-44.9890074534828,0,2
"79150859",4,"більшу",90.5185882106889,96.6014182777144,-42.941355211182,57.28,3
"79150859",5,"меншу",96.6014182777144,89.753238176927,-51.6546016765868,-186.46,4
"79150859",6,"однакову",89.753238176927,89.753238176927,-44.987220047545,0.0499999999999829,5
"79164823",1,"однакову",100,100,-44.9890074534828,0,0
"79164823",2,"більшу",100,107.584756031865,-32.6416072354192,345.4,1
"79164823",3,"більшу",107.584756031865,113.982014579233,-30.5371154842976,404.27,2
"79164823",4,"меншу",113.982014579233,107.073265151121,-72.6248056196043,-773.07,3
"79165237",1,"однакову",100,100,-44.9890074534828,0,0
"79165237",2,"більшу",100,107.842827076092,-27.7716410173915,481.63,1
"79214888",1,"однакову",100,100,-44.9890074534828,0,0
"79214888",2,"більшу",100,106.182463357691,-40.3917993815576,128.6,1
"79214888",3,"меншу",106.182463357691,98.2567630661651,-56.4820276332958,-321.5,2
"79214888",4,"меншу",98.2567630661651,90.0557289051358,-49.2916510268647,-120.36,3
"79214888",5,"меншу",90.0557289051358,83.7951695010997,-51.0847766636281,-170.52,4
"79245913",1,"однакову",100,100,-44.9890074534828,0,0
"79251030",1,"однакову",100,100,-44.9890074534828,0,0
"79251030",2,"однакову",100,100,-44.9890074534828,0,1
"79253902",1,"однакову",100,100,-44.9890074534828,0,0
"79253902",2,"однакову",100,100,-44.9890074534828,0,1
"79254869",1,"однакову",100,100,-44.9890074534828,0,0
"79254869",2,"меншу",100,94.2600869177841,-47.5156844871039,-70.68,1
"79258288",1,"однакову",100,100,-44.9890074534828,0,0
"79258288",2,"більшу",100,109.02052986552,-44.4742345434071,14.4,1
"79278368",1,"однакову",100,100,-44.9890074534828,0,0
"79278368",2,"більшу",100,109.574955055723,-44.5353638264786,12.69,1
"79304655",1,"однакову",100,100,-44.9890074534828,0,0
"79304655",2,"меншу",100,94.6985004283488,-45.1498739878814,-4.5,1
"79326102",1,"однакову",100,100,-44.9890074534828,0,0
"79326102",2,"більшу",100,107.027652515098,-43.5626575151483,39.9,1
"79326102",3,"більшу",107.027652515098,112.580179520883,-41.946842547411,85.1,2
"79326102",4,"меншу",112.580179520883,103.268292075954,-46.7084919656103,-48.1,3
"79327794",1,"однакову",100,100,-44.9890074534828,0,0
"79327794",2,"більшу",100,107.94784346479,-18.219386204801,748.84,1
"79327990",1,"однакову",100,100,-44.9890074534828,0,0
"79327990",2,"більшу",100,108.461222243495,-36.7572881477112,230.27,1
"86762468",1,"однакову",100,100,-44.9890074534828,0,0
"86762468",2,"меншу",100,93.4736194426659,-93.2418181493199,-1349.8,1
"86802997",1,"однакову",100,100,-44.9890074534828,0,0
"86802997",2,"більшу",100,105.579005858162,-44.2340071853719,21.12,1
"86884968",1,"однакову",100,100,-44.9890074534828,0,0
"86894225",1,"однакову",100,100,-44.9890074534828,0,0
"86894225",2,"меншу",100,90.0568477238994,-59.986415714873,-419.53,1
"86909178",1,"однакову",100,100,-44.9890074534828,0,0
"86909178",2,"однакову",100,100,-44.9890074534828,0,1
"86909178",3,"однакову",100,100,-44.9890074534828,0,2
"86909178",4,"більшу",100,107.623164228862,-25.2939389064651,550.94,3
"86909178",5,"меншу",107.623164228862,97.9835701815318,-64.6840760005005,-550.94,4
"86944258",1,"однакову",100,100,-44.9890074534828,0,0
"86944258",2,"більшу",100,109.727228070842,120,4615.32,1
"86966929",1,"однакову",100,100,-44.9890074534828,0,0
"86966929",2,"більшу",100,108.840581196127,-22.8795109657354,618.48,1
"86966929",3,"меншу",108.840581196127,100.56424983195,-53.439862727224,-236.4,2
"86972572",1,"однакову",100,100,-44.9890074534828,0,0
"86972572",2,"меншу",100,90.9369364380836,-46.8479096287558,-52,1
"86979041",1,"однакову",100,100,-44.9890074534828,0,0
"86979041",2,"більшу",100,105.194900368806,-44.5857686739235,11.28,1
"87002809",1,"однакову",100,100,-44.9890074534828,0,0
"87002809",2,"більшу",100,105.229011446936,-31.2953330830965,383.06,1
"87040812",1,"однакову",100,100,-44.9890074534828,0,0
"87040812",2,"меншу",100,93.1877181271557,-47.9328650329776,-82.35,1
"87058662",1,"однакову",100,100,-44.9890074534828,0,0
"87058662",2,"меншу",100,90.4963275336195,-58.7699072336318,-385.5,1
"87059833",1,"однакову",100,100,-44.9890074534828,0,0
"87059833",2,"меншу",100,91.6833949123975,-52.8628880905142,-220.26,1
"87059833",3,"більшу",91.6833949123975,97.2968993918039,-39.2013870270077,161.9,2
"87059833",4,"меншу",97.2968993918039,91.3355847250205,-46.0557313171394,-29.8399999999999,3
"87059833",5,"більшу",91.3355847250205,96.895310874097,-36.3172288058341,242.58,4
"87059833",6,"меншу",96.895310874097,87.3964027059264,-57.8944358053157,-361.01,5
"87151767",1,"однакову",100,100,-44.9890074534828,0,0
"87151767",2,"меншу",100,93.0660187522881,-45.2056410531396,-6.06,1
"87160681",1,"однакову",100,100,-44.9890074534828,0,0
"87160681",2,"більшу",100,108.591699304525,-38.7831340375713,173.6,1
"87251564",1,"однакову",100,100,-44.9890074534828,0,0
"87251564",2,"більшу",100,107.362411097856,-43.9376552808909,29.41,1
"87251564",3,"більшу",107.362411097856,112.60087740724,-36.3265233167105,242.32,2
"87251564",4,"меншу",112.60087740724,103.747374699451,-53.6514915902551,-242.32,3
"87251564",5,"однакову",103.747374699451,103.747374699451,-44.9890074534828,0,4
"87251564",6,"однакову",103.747374699451,103.747374699451,-44.9890074534828,0,5
"87251564",7,"більшу",103.747374699451,110.330787014682,-32.3827908556312,352.64,6
"87251564",8,"меншу",110.330787014682,103.529259461211,-48.932739914562,-110.32,7
"87251564",9,"меншу",103.529259461211,93.8014348316938,-53.6514915902551,-242.32,8
"87274472",1,"однакову",100,100,-44.9890074534828,0,0
"87274472",2,"меншу",100,93.523906415794,-57.8004182529894,-358.38,1
"87336276",1,"однакову",100,100,-44.9890074534828,0,0
"87336276",2,"більшу",100,107.423785981955,-34.5244606502583,292.73,1
"87336276",3,"більшу",107.423785981955,117.370598088019,-43.3288648184889,46.4399999999999,2
"87336276",4,"більшу",117.370598088019,124.198779052822,-37.5884319087708,207.02,3
"87339858",1,"однакову",100,100,-44.9890074534828,0,0
"87339858",2,"більшу",100,109.528732277686,-12.9418914329634,896.47,1
"87346749",1,"однакову",100,100,-44.9890074534828,0,0
"87346749",2,"більшу",100,108.084321438801,-31.3368009008526,381.9,1
"87355854",1,"однакову",100,100,-44.9890074534828,0,0
"87355854",2,"більшу",100,107.526823873632,-44.7759486657015,5.96000000000001,1
"87355854",3,"меншу",107.526823873632,98.3008923986927,-45.2020662412641,-5.96000000000001,2
"87370708",1,"однакову",100,100,-44.9890074534828,0,0
"87370708",2,"більшу",100,109.654900878668,-44.6651294975602,9.06,1
"87370708",3,"більшу",109.654900878668,117.314861115301,-41.2561888930595,104.42,2
"87371790",1,"однакову",100,100,-44.9890074534828,0,0
"87371790",2,"більшу",100,108.462035772391,-23.087565016891,612.66,1
"87371790",3,"меншу",108.462035772391,99.5290221471805,-59.3783402148462,-402.52,2
"87375540",1,"однакову",100,100,-44.9890074534828,0,0
"87375540",2,"більшу",100,107.924247011542,-41.171108370422,106.8,1
"87375540",3,"більшу",107.924247011542,117.797047646018,-41.9868804404168,83.98,2
"87409355",1,"однакову",100,100,-44.9890074534828,0,0
"87409355",2,"більшу",100,105.357458321378,-33.0001608665344,335.37,1
"87409355",3,"меншу",105.357458321378,96.5553482889663,-54.0779666470052,-254.25,2
"87409355",4,"більшу",96.5553482889663,102.908647907898,-42.3633081309096,73.45,3
"87409355",5,"меншу",102.908647907898,93.1832108052913,-49.3538527534988,-122.1,4
"87419542",1,"однакову",100,100,-44.9890074534828,0,0
"87419542",2,"меншу",100,91.0743105912115,-49.2076429477899,-118.01,1
"87419542",3,"меншу",91.0743105912115,81.4629387110472,-54.9226946931918,-277.88,2
"87419542",4,"меншу",81.4629387110472,72.3342856485397,-57.314243837918,-344.78,3
"87419542",5,"меншу",72.3342856485397,62.3522888170555,-47.1846569074303,-61.42,4
"87437076",1,"однакову",100,100,-44.9890074534828,0,0
"87437076",2,"більшу",100,108.658988857642,-41.0131016855238,111.22,1
"87487965",1,"однакову",100,100,-44.9890074534828,0,0
"87487965",2,"меншу",100,94.9686049390584,-60.4579334012548,-432.72,1
"87494566",1,"однакову",100,100,-44.9890074534828,0,0
"87494566",2,"більшу",100,107.629279369721,-36.4702307541066,238.3,1
"87498520",1,"однакову",100,100,-44.9890074534828,0,0
"87498520",2,"більшу",100,105.477129222127,-43.468639962822,42.53,1
"87500489",1,"однакову",100,100,-44.9890074534828,0,0
"87500489",2,"меншу",100,91.8425951618701,-46.8818703415733,-52.95,1
"87519036",1,"однакову",100,100,-44.9890074534828,0,0
"87519036",2,"більшу",100,109.725663398858,-31.189518651581,386.02,1
"87519036",3,"меншу",109.725663398858,104.680788003607,-47.8760255241568,-80.76,2
"87528766",1,"однакову",100,100,-44.9890074534828,0,0
"87528766",2,"меншу",100,93.1695934198797,-46.441096037321,-40.62,1
"87556270",1,"однакову",100,100,-44.9890074534828,0,0
"87556270",2,"більшу",100,105.313213791233,-40.3392496469873,130.07,1
"87556270",3,"більшу",105.313213791233,111.317453272641,-38.0663842565285,193.65,2
"87556270",4,"меншу",111.317453272641,106.251317143906,-48.5395106082542,-99.32,3
"87556806",1,"однакову",100,100,-44.9890074534828,0,0
"87556806",2,"меншу",100,93.5892151086591,-73.1656746563712,-788.2,1
"87561809",1,"однакову",100,100,-44.9890074534828,0,0
"87561809",2,"меншу",100,92.4172574875411,-65.2403167283322,-566.5,1
"87571979",1,"однакову",100,100,-44.9890074534828,0,0
"87571979",2,"меншу",100,91.3826723955572,-50.6608039751908,-158.66,1
"87571979",3,"меншу",91.3826723955572,81.4048132055905,-46.9179759415161,-53.96,2
"87573170",1,"однакову",100,100,-44.9890074534828,0,0
"87573170",2,"меншу",100,94.0200688852929,-51.2163297406474,-174.2,1
"87573170",3,"більшу",94.0200688852929,101.532308863243,-39.2943321357714,159.3,2
"87573170",4,"меншу",101.532308863243,92.516550536966,-48.2563855077127,-91.4,3
"87584863",1,"однакову",100,100,-44.9890074534828,0,0
"87584863",2,"більшу",100,105.108866336523,-35.9161349134002,253.8,1
"87599947",1,"однакову",100,100,-44.9890074534828,0,0
"87599947",2,"більшу",100,108.694331538863,-40.1483546928343,135.41,1
"87599947",3,"більшу",108.694331538863,115.378890746506,-43.3267199313636,46.5,2
"87599947",4,"меншу",115.378890746506,109.572498017224,-53.8495361681592,-247.86,3
"87599947",5,"меншу",109.572498017224,99.6594456967432,-47.4574150535328,-69.05,4
"87599947",6,"більшу",99.6594456967432,105.349943222245,-35.9486657014675,252.89,5
"87599981",1,"однакову",100,100,-44.9890074534828,0,0
"87599981",2,"більшу",100,105.860769001301,-36.6153681162529,234.24,1
"87599981",3,"більшу",105.860769001301,115.189381132368,-36.1549323466853,247.12,2
"87600875",1,"однакову",100,100,-44.9890074534828,0,0
"87600875",2,"більшу",100,108.459738992387,-43.5111802241407,41.34,1
"87608611",1,"однакову",100,100,-44.9890074534828,0,0
"87608611",2,"меншу",100,92.032155143097,-45.2034961660143,-5.99999999999997,1
"87608611",3,"більшу",92.032155143097,97.6102413597982,-36.5374372173664,236.42,2
"87608611",4,"меншу",97.6102413597982,88.2427394844126,-47.0134234185926,-56.63,3
"87621270",1,"однакову",100,100,-44.9890074534828,0,0
"87621270",2,"більшу",100,109.252514163963,-41.8395981911452,88.1,1
"87625561",1,"однакову",100,100,-44.9890074534828,0,0
"87625561",2,"меншу",100,90.212665873114,-75.5511466209091,-854.93,1
"87635902",1,"однакову",100,100,-44.9890074534828,0,0
"87635902",2,"більшу",100,109.989624799928,-40.9441078163262,113.15,1
"87642987",1,"однакову",100,100,-44.9890074534828,0,0
"87642987",2,"меншу",100,93.8055440119933,-50.5117343199814,-154.49,1
"87643363",1,"однакову",100,100,-44.9890074534828,0,0
"87643363",2,"меншу",100,92.3665052803699,-47.5149695247288,-70.66,1
"87643363",3,"більшу",92.3665052803699,98.0773093842436,-41.9178865712192,85.91,2
"87687135",1,"однакову",100,100,-44.9890074534828,0,0
"87687135",2,"меншу",100,91.3113812822849,-56.0509053211075,-309.44,1
"87696997",1,"однакову",100,100,-44.9890074534828,0,0
"87696997",2,"більшу",100,107.040910512442,-35.2837506926198,271.49,1
"87700598",1,"однакову",100,100,-44.9890074534828,0,0
"87700598",2,"меншу",100,93.2739108323585,-47.4699268950972,-69.4,1
"87714245",1,"однакову",100,100,-44.9890074534828,0,0
"87737300",1,"однакову",100,100,-44.9890074534828,0,0
"87737300",2,"меншу",100,91.0322513640858,-63.244141777039,-510.66,1
"87743293",1,"однакову",100,100,-44.9890074534828,0,0
"87743293",2,"однакову",100,100,-44.9890074534828,0,1
"87747692",1,"однакову",100,100,-44.9890074534828,0,0
"87747692",2,"більшу",100,106.984502264531,-32.6380324235437,345.5,1
"87753196",1,"однакову",100,100,-44.9890074534828,0,0
"87753196",2,"меншу",100,93.1085750518832,-54.6856846658445,-271.25,1
"87783220",1,"однакову",100,100,-44.9890074534828,0,0
"87783220",2,"більшу",100,105.095601403154,-24.2550985754375,580,1
"87785137",1,"однакову",100,100,-44.9890074534828,0,0
"87785137",2,"однакову",100,100,-44.9890074534828,0,1
"87801951",1,"однакову",100,100,-44.9890074534828,0,0
"87801951",2,"меншу",100,94.8694392142352,-56.0398234042934,-309.13,1
"87801951",3,"однакову",94.8694392142352,94.8694392142352,-44.9890074534828,0,2
"87811729",1,"однакову",100,100,-44.9890074534828,0,0
"87811729",2,"більшу",100,106.922329958761,-43.2105385454091,49.75,1
"87824523",1,"однакову",100,100,-44.9890074534828,0,0
"87824523",2,"однакову",100,100,-44.9890074534828,0,1
"87824523",3,"однакову",100,100,-44.9893649346703,-0.0100000000000193,2
"87824523",4,"більшу",100,107.007865303895,-37.7131928432266,203.53,3
"87824523",5,"меншу",107.007865303895,98.162134049926,-52.2473054855488,-203.04,4
"87824523",6,"однакову",98.162134049926,98.162134049926,-44.9890074534828,0,5
"87824523",7,"більшу",98.162134049926,107.413022702094,-37.5233703326363,208.84,6
"87824523",8,"меншу",107.413022702094,101.272304578451,-50.1399538849268,-144.09,7
"87824523",9,"меншу",101.272304578451,92.9515750240535,-47.5181868554167,-70.75,8
"87825542",1,"однакову",100,100,-44.9890074534828,0,0
"87825542",2,"меншу",100,90.6956164864823,-53.5685559547429,-240,1
"87843675",1,"однакову",100,100,-44.9890074534828,0,0
"87843675",2,"меншу",100,91.5831452456769,-49.5983698857848,-128.94,1
"87843675",3,"більшу",91.5831452456769,97.6414077833761,-41.2140061129283,105.6,2
"87847018",1,"однакову",100,100,-44.9890074534828,0,0
"87847018",2,"більшу",100,105.803399062715,-38.9114697839026,170.01,1
"87853329",1,"однакову",100,100,-44.9890074534828,0,0
"87853329",2,"більшу",100,105.69338682224,-42.1069941194345,80.62,1
"87907626",1,"однакову",100,100,-44.9890074534828,0,0
"87907626",2,"меншу",100,91.6991867381148,-66.8275332010653,-610.9,1
"87909678",1,"однакову",100,100,-44.9890074534828,0,0
"87909678",2,"більшу",100,107.53778644721,-39.2657336407672,160.1,1
"87910585",1,"однакову",100,100,-44.9890074534828,0,0
"87910585",2,"більшу",100,105.683319716481,-44.7709439290757,6.09999999999997,1
"87910585",3,"меншу",105.683319716481,99.0745294291992,-51.7525515219762,-189.2,2
"87931933",1,"однакову",100,100,-44.9890074534828,0,0
"87931933",2,"більшу",100,107.81936197076,-14.784349473609,844.93,1
"87959289",1,"однакову",100,100,-44.9890074534828,0,0
"87959289",2,"меншу",100,90.9692589356564,-55.4524818131446,-292.7,1
"87959289",3,"меншу",90.9692589356564,83.5848205187358,-49.9615707723381,-139.1,2
"87974379",1,"однакову",100,100,-44.9890074534828,0,0
"87974379",2,"меншу",100,94.1737133916467,-64.657264911434,-550.19,1
"87991503",1,"однакову",100,100,-44.9890074534828,0,0
"87991503",2,"більшу",100,109.327624446014,-40.3596260746778,129.5,1
"87991503",3,"меншу",109.327624446014,101.898410752183,-50.0974136236081,-142.9,2
"88996270",1,"однакову",100,100,-44.9890074534828,0,0
"88996270",2,"більшу",100,106.323309211293,-38.7116378000608,175.6,1
"88996270",3,"більшу",106.323309211293,115.08506244747,-37.4247055248718,211.6,2
"88996270",4,"меншу",115.08506244747,105.801567919552,-53.1646022128086,-228.7,3
"88996270",5,"більшу",105.801567919552,115.190143173095,-44.5707544640463,11.7,4
"89003579",1,"однакову",100,100,-44.9890074534828,0,0
"89003579",2,"більшу",100,109.477588194422,-21.7337837596297,650.53,1
"89024848",1,"однакову",100,100,-44.9890074534828,0,0
"89024848",2,"меншу",100,94.2907568090595,-47.9657533022325,-83.27,1
"89024848",3,"меншу",94.2907568090595,85.8844432770275,-49.2144350903534,-118.2,2
"89090652",1,"однакову",100,100,-44.9890074534828,0,0
"89090652",2,"меншу",100,90.5194465478417,-115.613705828731,-1975.62,1
"89123709",1,"однакову",100,100,-44.9890074534828,0,0
"89138407",1,"однакову",100,100,-44.9890074534828,0,0
"89138407",2,"меншу",100,91.3794649904594,-58.0942677891576,-366.6,1
"89138407",3,"однакову",91.3794649904594,91.3794649904594,-44.9890074534828,0,2
"89138407",4,"більшу",91.3794649904594,100.684933450539,-37.7829016747994,201.58,3
"89143226",1,"однакову",100,100,-44.9890074534828,0,0
"89143226",2,"більшу",100,107.138413882349,-39.4123009276637,156,1
"89168770",1,"однакову",100,100,-44.9890074534828,0,0
"89168770",3,"меншу",100,91.66058388073,-75.3674012905071,-849.79,2
"89199648",1,"однакову",100,100,-44.9890074534828,0,0
"89199648",2,"меншу",100,91.7924827698153,-53.8187927860296,-247,1
"89199648",3,"більшу",91.7924827698153,98.2070139201824,-38.4056339035158,184.16,2
"89199648",4,"меншу",98.2070139201824,92.780205886811,-52.2047652242301,-201.85,3
"89199648",5,"однакову",92.780205886811,92.780205886811,-44.9890074534828,0,4
"89199648",6,"більшу",92.780205886811,99.9249515205156,-40.0682789068225,137.65,5
"89201971",1,"однакову",100,100,-44.9890074534828,0,0
"89201971",2,"меншу",100,94.3697307049297,-45.4201297656711,-12.06,1
"89222614",1,"однакову",100,100,-44.9890074534828,0,0
"89222614",2,"меншу",100,94.7976468526758,-46.6405705399753,-46.2,1
"89222614",3,"більшу",94.7976468526758,104.181755374884,-17.0447030225034,781.7,2
"89226769",1,"однакову",100,100,-44.9890074534828,0,0
"89226769",2,"більшу",100,105.873202296207,-43.5519330795217,40.2,1
"89226769",3,"меншу",105.873202296207,96.6393178631552,-45.4294242765475,-12.32,2
"89226769",4,"меншу",96.6393178631552,88.6090313293971,-50.702986755322,-159.84,3
"89226769",5,"більшу",88.6090313293971,93.9836468326394,-29.9855220119041,419.7,4
"89226769",6,"меншу",93.9836468326394,88.0759441666305,-55.0660446494003,-281.89,5
"89226769",7,"більшу",88.0759441666305,96.9873414107133,-43.9140615225124,30.07,6
"89226769",8,"більшу",96.9873414107133,105.850663274759,-42.4215775644807,71.82,7
"89226769",9,"меншу",105.850663274759,100.494961180957,-47.5564373424849,-71.82,8
"89226769",10,"меншу",100.494961180957,94.6442608570214,-45.357928039037,-10.32,9
"89238881",1,"однакову",100,100,-44.9890074534828,0,0
"89238881",2,"меншу",100,91.7815049702767,-46.7299408368635,-48.7,1
"89238881",3,"однакову",91.7815049702767,91.7815049702767,-44.9890074534828,0,2
"89238881",4,"більшу",91.7815049702767,101.344944377197,-43.2480740701021,48.7,3
"89269944",1,"однакову",100,100,-44.9890074534828,0,0
"89269944",2,"більшу",100,106.083593070507,-39.0755536489892,165.42,1
"89271238",1,"однакову",100,100,-44.9890074534828,0,0
"89271238",2,"меншу",100,94.337980725104,-49.3055927931793,-120.75,1
"89277831",1,"однакову",100,100,-44.9890074534828,0,0
"89277831",2,"більшу",100,108.291553057497,-42.0147639730459,83.2,1
"89277911",1,"однакову",100,100,-44.9890074534828,0,0
"89277911",2,"однакову",100,100,-44.9890074534828,0,1
"89296020",1,"однакову",100,100,-44.9890074534828,0,0
"89296020",2,"меншу",100,94.7163039329462,-45.5023504388082,-14.36,1
"89326661",1,"однакову",100,100,-44.9890074534828,0,0
"89326661",2,"більшу",100,109.738075605128,-33.5835701646201,319.05,1
"89326661",3,"більшу",109.738075605128,118.725470269565,-43.5537204854595,40.1500000000001,2
"89338583",1,"однакову",100,100,-44.9890074534828,0,0
"89342608",1,"однакову",100,100,-44.9890074534828,0,0
"89342608",2,"меншу",100,93.6615649203304,-46.1329472536508,-32,1
"89342608",3,"більшу",93.6615649203304,102.159097719705,-40.6277369653422,122,2
"89342608",4,"меншу",102.159097719705,96.8468122766353,-51.4594169481831,-181,3
"89355034",1,"однакову",100,100,-44.9890074534828,0,0
"89355034",2,"меншу",100,91.9008445891086,-51.5330580728189,-183.06,1
"89355404",1,"однакову",100,100,-44.9890074534828,0,0
"89355404",2,"більшу",100,107.906216407428,-44.8145566339572,4.88000000000002,1
"89380208",1,"однакову",100,100,-44.9890074534828,0,0
"89380208",2,"меншу",100,94.3664548976813,-57.797558403489,-358.3,1
"89417187",1,"однакову",100,100,-44.9890074534828,0,0
"89417187",2,"більшу",100,108.99190635304,-38.6615904338034,177,1
"89418974",1,"однакову",100,100,-44.9890074534828,0,0
"89418974",2,"більшу",100,105.237736308482,-44.6672743846855,9,1
"89418974",3,"більшу",105.237736308482,113.181378801819,-34.2645718269076,300,2
"89418974",4,"більшу",113.181378801819,121.843460460659,-29.6888126262355,428,3
"89418974",5,"меншу",121.843460460659,112.763002556749,-63.730673673298,-524.27,4
"89426302",1,"однакову",100,100,-44.9890074534828,0,0
"89426302",2,"однакову",100,100,-44.9890074534828,0,1
"89438479",1,"однакову",100,100,-44.9890074534828,0,0
"89438479",2,"меншу",100,92.4373662250582,-62.2453393390173,-482.72,1
"89462460",1,"однакову",100,100,-44.9890074534828,0,0
"89462460",2,"більшу",100,109.221943856683,-40.088655334513,137.08,1
"89466522",1,"однакову",100,100,-44.9890074534828,0,0
"89466522",2,"меншу",100,90.3216451127082,-50.1417412908646,-144.14,1
"89470253",1,"однакову",100,100,-44.9890074534828,0,0
"89470253",2,"більшу",100,109.841351510258,-32.0853665075876,360.96,1
"89470253",3,"меншу",109.841351510258,103.790702486876,-48.1520010009473,-88.4799999999999,2
"89473857",1,"однакову",100,100,-44.9890074534828,0,0
"89473857",2,"більшу",100,105.016120184446,-37.0968952758861,220.77,1
"89473857",3,"меншу",105.016120184446,96.7025497090071,-52.0453286145816,-197.39,2
"89497146",1,"однакову",100,100,-44.9890074534828,0,0
"89497146",2,"меншу",100,91.7319107602816,-57.701753445225,-355.62,1
"89505171",1,"однакову",100,100,-44.9890074534828,0,0
"89505171",2,"більшу",100,105.61423909734,-42.6861136432695,64.42,1
"89505171",3,"однакову",105.61423909734,105.61423909734,-44.9890074534828,0,2
"89533670",1,"однакову",100,100,-44.9890074534828,0,0
"89533670",2,"однакову",100,100,-44.9918673029832,-0.0800000000000125,1
"89533670",3,"меншу",100,90.086275342619,-47.343021073516,-65.85,2
"89533670",4,"більшу",90.086275342619,98.2172450900543,-42.495576170304,69.75,3
"89554976",1,"однакову",100,100,-44.9890074534828,0,0
"89608431",1,"однакову",100,100,-44.9890074534828,0,0
"89608431",2,"більшу",100,105.483054596698,-35.788514129444,257.37,1
"89631593",1,"однакову",100,100,-44.9890074534828,0,0
"89631593",2,"меншу",100,94.7353674983606,-49.8060664557528,-134.75,1
"89635994",1,"однакову",100,100,-44.9890074534828,0,0
"89635994",2,"однакову",100,100,-44.9890074534828,0,1
"89635994",3,"меншу",100,91.8269282765687,-46.1329472536508,-32,2
"89658524",1,"однакову",100,100,-44.9890074534828,0,0
"89658524",2,"більшу",100,105.771593325771,-27.9414445814789,476.88,1
"89668989",1,"однакову",100,100,-44.9890074534828,0,0
"89668989",2,"однакову",100,100,-44.9890074534828,0,1
"89668989",3,"однакову",100,100,-44.9890074534828,0,2
"89683766",1,"однакову",100,100,-44.9890074534828,0,0
"89683766",2,"більшу",100,107.258970801486,-43.5054605251399,41.5,1
"89695930",1,"однакову",100,100,-44.9890074534828,0,0
"89695930",2,"меншу",100,90.2670642046724,-72.3684916081291,-765.9,1
"89710143",1,"однакову",100,100,-44.9890074534828,0,0
"89710143",2,"меншу",100,94.0631336590741,-46.7928575258727,-50.46,1
"89719797",1,"однакову",100,100,-44.9890074534828,0,0
"89719797",2,"більшу",100,106.901934936177,-41.5214399342235,97,1
"89722704",1,"однакову",100,100,-44.9890074534828,0,0
"89722704",2,"більшу",100,109.557113182964,-35.6265751514827,261.9,1
"89741606",1,"однакову",100,100,-44.9890074534828,0,0
"89741606",2,"меншу",100,94.9394531501457,-49.8650508516989,-136.4,1
"89744899",1,"однакову",100,100,-44.9890074534828,0,0
"89744899",2,"меншу",100,92.3328148177825,-49.2727045239244,-119.83,1
"89751719",1,"однакову",100,100,-44.9890074534828,0,0
"89751719",2,"меншу",100,94.7354941046797,-48.1380592346328,-88.09,1
"89751719",3,"більшу",94.7354941046797,102.811540772673,-44.3934437950203,16.66,2
"89754638",1,"однакову",100,100,-44.9890074534828,0,0
"89754638",2,"більшу",100,109.693945952458,-43.3445939907412,46,1
"89754638",3,"меншу",109.693945952458,104.181522717699,-45.1784724828856,-5.30000000000001,2
"89754638",4,"меншу",104.181522717699,94.9608358065598,-46.5047276887054,-42.4,3
"89776425",1,"однакову",100,100,-44.9890074534828,0,0
"89784329",1,"однакову",100,100,-44.9890074534828,0,0
"89784329",2,"більшу",100,108.261338407174,-38.2898099987488,187.4,1
"89801109",1,"однакову",100,100,-44.9890074534828,0,0
"89801130",1,"однакову",100,100,-44.9890074534828,0,0
"89801130",2,"більшу",100,105.823543486185,-41.6762292884337,92.67,1
"89801130",3,"меншу",105.823543486185,98.2697217282839,-46.9608736840224,-55.16,2
"89801130",4,"меншу",98.2697217282839,90.8873824740294,-47.8048867678338,-78.77,3
"89858774",1,"однакову",100,100,-44.9890074534828,0,0
"89864701",1,"однакову",100,100,-44.9890074534828,0,0
"89864701",2,"більшу",100,107.049406628357,7.43560870109209,1466.5,1
"89873867",1,"однакову",100,100,-44.9890074534828,0,0
"89873867",2,"більшу",100,107.523922370747,-39.1163065043702,164.28,1
"89873867",3,"меншу",107.523922370747,97.776875460986,-49.3231093713693,-121.24,2
"89873867",4,"меншу",97.776875460986,91.6386642120779,-48.2835540779667,-92.16,3
"89873867",5,"однакову",91.6386642120779,91.6386642120779,-44.9890074534828,0,4
"89873867",6,"однакову",91.6386642120779,91.6386642120779,-44.9890074534828,0,5
"89901713",1,"однакову",100,100,-44.9890074534828,0,0
"89901713",2,"однакову",100,100,-44.9890074534828,0,1
"89901713",3,"меншу",100,90.9407534776255,-45.9920996657551,-28.06,2
"89908915",1,"однакову",100,100,-44.9890074534828,0,0
"89908915",2,"меншу",100,93.8908586127218,-89.4954153037696,-1245,1
"89908915",3,"більшу",93.8908586127218,102.077193197329,-42.7833485262838,61.7,2
"89908915",4,"меншу",102.077193197329,92.9732687107753,-48.0025738645504,-84.3,3
"89908915",5,"меншу",92.9732687107753,87.1876699011773,-47.6021949344916,-73.1,4
"89908915",6,"меншу",87.1876699011773,79.596893757116,-45.7540171948451,-21.4,5
"89915466",1,"однакову",100,100,-44.9890074534828,0,0
"89915466",2,"меншу",100,92.3946871596854,-46.045721843888,-29.56,1
"89924361",1,"однакову",100,100,-44.9890074534828,0,0
"89924361",2,"більшу",100,108.364531643456,-37.9913132071425,195.75,1
"89951345",1,"однакову",100,100,-44.9890074534828,0,0
"89951345",2,"більшу",100,108.92089146073,-44.3244499258227,18.59,1
"89951345",3,"меншу",108.92089146073,101.120578139089,-45.742935278031,-21.09,2
"89960998",1,"однакову",100,100,-44.9890074534828,0,0
"89960998",2,"меншу",100,92.2399501444306,-48.3092927234704,-92.88,1
"89985797",1,"однакову",100,100,-44.9890074534828,0,0
"89985797",2,"більшу",100,108.762819608673,-44.4313368009009,15.6,1
"90033906",1,"однакову",100,100,-44.9890074534828,0,0
"90033906",2,"більшу",100,109.890864845365,-41.1947021288005,106.14,1
"90033906",3,"меншу",109.890864845365,102.916797213256,-48.1813144583266,-89.3,2
"90050502",1,"однакову",100,100,-44.9890074534828,0,0
"90050502",2,"меншу",100,92.2329097986221,-45.6932453929612,-19.7,1
"90077773",1,"однакову",100,100,-44.9890074534828,0,0
"90077773",2,"меншу",100,91.4879646420013,-47.4223818971527,-68.07,1
"90105896",1,"однакову",100,100,-44.9890074534828,0,0
"90105896",2,"однакову",100,100,-44.9890074534828,0,1
"90107766",1,"однакову",100,100,-44.9890074534828,0,0
"90107766",2,"більшу",100,109.431296763942,-34.1115698786351,304.28,1
"90122522",1,"однакову",100,100,-44.9890074534828,0,0
"90122522",2,"більшу",100,106.992917024763,-44.1814574508017,22.59,1
"90122522",3,"однакову",106.992917024763,106.992917024763,-44.9890074534828,0,2
"90129706",1,"однакову",100,100,-44.9890074534828,0,0
"90129706",2,"більшу",100,109.84366619261,-41.9808032602284,84.15,1
"90129706",3,"більшу",109.84366619261,115.763816079125,-40.704595420666,119.85,2
"90130125",1,"однакову",100,100,-44.9890074534828,0,0
"90130125",2,"меншу",100,90.6140762730502,-49.5476075571523,-127.52,1
"90171395",1,"однакову",100,100,-44.9890074534828,0,0
"90171395",2,"меншу",100,93.8033725915011,-99.200314583445,-1516.48,1
"90245470",1,"однакову",100,100,-44.9890074534828,0,0
"90245470",2,"більшу",100,107.898770085303,-41.6930309042487,92.2,1
"90245470",3,"меншу",107.898770085303,100.068111758446,-48.2849840027169,-92.2,2
"90245470",4,"однакову",100.068111758446,100.068111758446,-44.9890074534828,0,3
"90245470",5,"однакову",100.068111758446,100.068111758446,-44.9890074534828,0,4
"90279010",1,"однакову",100,100,-44.9890074534828,0,0
"90279010",2,"меншу",100,90.6051932647824,-60.1680161581497,-424.61,1
"90368046",1,"однакову",100,100,-44.9890074534828,0,0
"90368046",2,"меншу",100,91.6025161382277,-47.8206159400862,-79.21,1
"90404484",1,"однакову",100,100,-44.9890074534828,0,0
"90404484",2,"більшу",100,106.513224390801,-29.3942481276923,436.24,1
"90407398",1,"однакову",100,100,-44.9890074534828,0,0
"90407398",2,"більшу",100,108.150256593945,-41.1603839347954,107.1,1
"90508744",1,"однакову",100,100,-44.9890074534828,0,0
"90508744",2,"меншу",100,93.6070156865753,-45.6685791910201,-19.0099999999999,1
"90508744",3,"меншу",93.6070156865753,88.0008242488839,-45.5595474288166,-15.96,2
"90582414",1,"однакову",100,100,-44.9890074534828,0,0
"90582414",2,"більшу",100,107.200142067159,-42.4197901585429,71.87,1
"90582420",1,"однакову",100,100,-44.9890074534828,0,0
"90582420",2,"меншу",100,94.0418924938422,-45.780470802724,-22.14,1
"90623366",1,"однакову",100,100,-44.9890074534828,0,0
"90623366",2,"більшу",100,106.365576387616,-40.8300713174969,116.34,1
"90623366",3,"меншу",106.365576387616,99.64446880389,-48.5295011350028,-99.04,2
"90623366",4,"більшу",99.64446880389,105.364852113416,-33.3154592739557,326.55,3
"90623366",5,"меншу",105.364852113416,97.2501694899984,-56.6625556330098,-326.55,4
"90652617",1,"однакову",100,100,-44.9890074534828,0,0
"90652617",2,"більшу",100,107.946646023775,-44.4524281909665,15.01,1
"90666896",1,"однакову",100,100,-44.9890074534828,0,0
"90666896",2,"більшу",100,105.022493872093,-32.8793322251417,338.75,1
"90745327",1,"однакову",100,100,-44.9890074534828,0,0
"90745327",2,"меншу",100,94.8965982615482,-47.5146120435412,-70.6500000000001,1
"90745327",3,"більшу",94.8965982615482,104.669236137997,-38.1182190287236,192.2,2
"90890986",1,"однакову",100,100,-44.9890074534828,0,0
"90890986",2,"меншу",100,90.2787470608018,-48.160223068261,-88.71,1
"90907716",1,"однакову",100,100,-44.9890074534828,0,0
"90907716",2,"більшу",100,109.007344715064,-35.3012672708099,271,1
"90911534",1,"однакову",100,100,-44.9890074534828,0,0
"90911534",2,"меншу",100,91.951469212072,-50.1453161027401,-144.24,1
"90923698",1,"однакову",100,100,-44.9890074534828,0,0
"90923698",2,"меншу",100,91.4743865735363,-58.2572792106815,-371.16,1
"90923698",3,"однакову",91.4743865735363,91.4743865735363,-44.9890074534828,0,2
"90973177",1,"однакову",100,100,-44.9890074534828,0,0
"90973177",2,"більшу",100,109.815312520368,-25.324324807407,550.09,1
"90980681",1,"однакову",100,100,-44.9890074534828,0,0
"90980681",2,"меншу",100,92.5925580074545,-48.8687507819901,-108.53,1
"90980681",3,"однакову",92.5925580074545,92.5925580074545,-44.9890074534828,0,2
"90980681",4,"однакову",92.5925580074545,92.5925580074545,-44.9890074534828,0,3
"90991382",1,"однакову",100,100,-44.9890074534828,0,0
"90991382",2,"меншу",100,93.62331637647,-50.1760594848696,-145.1,1
"90991382",3,"меншу",93.62331637647,85.6525578291621,-48.2066956226429,-90.01,2
"91034056",1,"однакову",100,100,-44.9890074534828,0,0
"91034056",2,"меншу",100,93.1174371147063,-45.6896705810857,-19.6,1
"91034056",3,"більшу",93.1174371147063,98.687199014239,-43.2823922641071,47.74,2
"91034056",4,"більшу",98.687199014239,105.984649977181,-39.495951525551,153.66,3
"91062031",1,"однакову",100,100,-44.9890074534828,0,0
"91062031",2,"більшу",100,108.728885223391,-38.0431479793376,194.3,1
"91062031",3,"меншу",108.728885223391,101.206539176637,-48.6667739110229,-102.88,2
"91062031",4,"меншу",101.206539176637,94.6914387878496,-46.0900495111445,-30.8,3
"91062031",5,"більшу",94.6914387878496,100.366526503349,-34.3628791534846,297.25,4
"91077955",1,"однакову",100,100,-44.9890074534828,0,0
"91077955",2,"більшу",100,107.492577042431,-41.5500384292277,96.2,1
"91085277",1,"однакову",100,100,-44.9890074534828,0,0
"91085277",2,"більшу",100,107.017883559456,-44.0595563658462,26,1
"91160674",1,"однакову",100,100,-44.9890074534828,0,0
"91160674",2,"меншу",100,90.8395646174904,-45.3958210449175,-11.38,1
"91220115",1,"однакову",100,100,-44.9890074534828,0,0
"91220115",2,"меншу",100,90.8626242063474,-48.2192074642072,-90.36,1
"91220115",3,"меншу",90.8626242063474,83.0824102950282,-45.321107476719,-9.29000000000008,2
"91231089",1,"однакову",100,100,-44.9890074534828,0,0
"91231089",2,"більшу",100,105.935327271,-37.4457969149374,211.01,1
"91264598",1,"однакову",100,100,-44.9890074534828,0,0
"91264598",2,"меншу",100,91.2100554886274,-51.8036713317962,-190.63,1
"91271046",1,"однакову",100,100,-44.9890074534828,0,0
"91271046",2,"більшу",100,108.685243428918,35.7123706364952,2257.5,1
"91271046",3,"меншу",108.685243428918,101.428140355274,-107.726955868947,-1755,2
"91317013",1,"однакову",100,100,-44.9890074534828,0,0
"91317013",2,"меншу",100,90.7834872789681,-52.1207571451552,-199.5,1
"91361102",1,"однакову",100,100,-44.9890074534828,0,0
"91361102",2,"меншу",100,92.1017331548501,-52.5976370493503,-212.84,1
"91446721",1,"однакову",100,100,-44.9890074534828,0,0
"91446721",2,"більшу",100,109.681355701759,-44.5932757788622,11.07,1
"91446721",3,"більшу",109.681355701759,116.574403457344,-16.3694210592168,800.59,2
"91446721",4,"меншу",116.574403457344,110.614836877212,-59.0140668847302,-392.33,3
"91446721",5,"меншу",110.614836877212,103.318434921093,-46.2759397286718,-36,4
"91457656",1,"однакову",100,100,-44.9890074534828,0,0
"91457656",2,"більшу",100,107.818213707069,-32.6022843047885,346.5,1
"91457656",3,"меншу",107.818213707069,99.9644676351454,-48.8140561602946,-107,2
"91459557",1,"однакову",100,100,-44.9890074534828,0,0
"91459557",2,"меншу",100,94.7876220266335,-48.735410299033,-104.8,1
"91459557",3,"більшу",94.7876220266335,103.867676358204,-27.104223640231,500.3,2
"91474665",1,"однакову",100,100,-44.9890074534828,0,0
"91474665",2,"меншу",100,92.1241678809747,-51.6024094232041,-185,1
"91474665",3,"більшу",92.1241678809747,100.139940144727,-44.588628523424,11.2,2
"91474797",1,"однакову",100,100,-44.9890074534828,0,0
"91474797",2,"меншу",100,92.0608629100025,-49.8021341626897,-134.64,1
"91505016",1,"однакову",100,100,-44.9890074534828,0,0
"91505016",2,"меншу",100,93.7718488660175,-69.9379770139596,-697.91,1
"91505016",3,"більшу",93.7718488660175,100.117532348959,-5.14486925125567,1114.58,2
"91505016",4,"меншу",100.117532348959,93.7016312230844,-77.6517060789676,-913.69,3
"91505016",5,"більшу",93.7016312230844,101.398803999182,-33.6943893327614,315.95,4
"91543555",1,"однакову",100,100,-44.9890074534828,0,0
"91543555",2,"більшу",100,106.362026233692,-44.6315262659303,10,1
"91560384",1,"однакову",100,100,-44.9890074534828,0,0
"91560384",2,"більшу",100,106.760159386322,-32.319874166622,354.4,1
"91560384",3,"меншу",106.760159386322,98.3817191189155,-48.7954671385418,-106.48,2
"91569067",1,"однакову",100,100,-44.9890074534828,0,0
"91569067",2,"більшу",100,106.310029809829,-43.9187087779506,29.9400000000001,1
"91577335",1,"однакову",100,100,-44.9890074534828,0,0
"91577335",2,"більшу",100,105.45395166846,-37.9391209537598,197.21,1
"91577335",3,"меншу",105.45395166846,98.839651675662,-47.060253454162,-57.9399999999999,2
"91577335",4,"меншу",98.839651675662,90.6942117982544,-56.1588646397483,-312.46,3
"91577581",1,"однакову",100,100,-44.9890074534828,0,0
"91577581",2,"меншу",100,94.8161981464364,-88.5681091032584,-1219.06,1
"91581950",1,"однакову",100,100,-44.9890074534828,0,0
"91581950",2,"більшу",100,108.175115688937,-42.029063220548,82.8,1
"91585211",1,"однакову",100,100,-44.9890074534828,0,0
"91585211",2,"більшу",100,105.861643103417,-44.6029277709261,10.8,1
"91622526",1,"однакову",100,100,-44.9890074534828,0,0
"91622526",2,"меншу",100,92.965343965916,-46.372459649311,-38.7,1
"91622526",3,"більшу",92.965343965916,100.080734168878,-43.1293903158346,52.02,2
"91622526",4,"більшу",100.080734168878,108.684453543974,-42.8451927717304,59.9699999999999,3
"91630564",1,"однакову",100,100,-44.9890074534828,0,0
"91630564",2,"більшу",100,109.225354964146,-43.1701431712156,50.88,1
"91637770",1,"однакову",100,100,-44.9890074534828,0,0
"91637770",2,"меншу",100,93.2397516223136,-50.481705900227,-153.65,1
"91637770",3,"більшу",93.2397516223136,102.864280913491,-39.7143725311456,147.55,2
"91637770",4,"більшу",102.864280913491,109.489528903505,-43.9415875739539,29.3,3
"91641979",1,"однакову",100,100,-44.9890074534828,0,0
"91641979",2,"однакову",100,100,-44.9890074534828,0,1
"91698505",1,"однакову",100,100,-44.9890074534828,0,0
"91698505",2,"однакову",100,100,-44.9890074534828,0,1
"91698505",3,"більшу",100,109.464726160513,-35.9597476182816,252.58,2
"91698511",1,"однакову",100,100,-44.9890074534828,0,0
"91698511",2,"меншу",100,92.414412223734,-55.5136110962161,-294.41,1
"91698778",1,"однакову",100,100,-44.9890074534828,0,0
"91698778",2,"меншу",100,92.7904438390397,-47.3383738180778,-65.72,1
"91698778",3,"меншу",92.7904438390397,84.8788427968975,-45.9241782401201,-26.16,2
"91769292",1,"однакову",100,100,-44.9890074534828,0,0
"91769292",2,"більшу",100,107.311459507328,-30.0462938137881,418,1
"91769292",3,"однакову",107.311459507328,107.311459507328,-44.9890074534828,0,2
"91769292",4,"більшу",107.311459507328,113.880982358241,-29.9354746456468,421.1,3
"91769292",5,"меншу",113.880982358241,107.019481334137,-60.0425402613188,-421.1,4
"91769292",6,"меншу",107.019481334137,97.3384699423332,-59.9317210931775,-418,5
"91774568",1,"однакову",100,100,-44.9890074534828,0,0
"91774568",2,"однакову",100,100,-44.9890074534828,0,1
"91775520",1,"однакову",100,100,-44.9890074534828,0,0
"91775520",2,"більшу",100,105.256097221281,-27.2221924321233,497,1
"91775520",3,"меншу",105.256097221281,95.7000799151137,-60.0697088315727,-421.86,2
"91775520",4,"більшу",95.7000799151137,102.018812975148,-27.090639355104,500.68,3
"91775520",5,"меншу",102.018812975148,95.3574601758737,-71.121597225946,-731.02,4
"91803339",1,"однакову",100,100,-44.9890074534828,0,0
"91803339",2,"однакову",100,100,-44.9890074534828,0,1
"91803339",3,"меншу",100,93.5287694539875,-49.0628630668311,-113.96,2
"91803339",4,"однакову",93.5287694539875,93.5287694539875,-44.9890074534828,0,3
"91803339",5,"більшу",93.5287694539875,99.5727265800815,-37.9966754249558,195.6,4
"91831845",1,"однакову",100,100,-44.9890074534828,0,0
"91831845",2,"меншу",100,94.7186990373302,-62.2517740003932,-482.9,1
"91835784",1,"однакову",100,100,-44.9890074534828,0,0
"91835784",2,"однакову",100,100,-44.9890074534828,0,1
"91835784",3,"меншу",100,90.4352615633979,-49.0628630668311,-113.96,2
"91835784",4,"однакову",90.4352615633979,90.4352615633979,-44.9890074534828,0,3
"91835784",5,"більшу",90.4352615633979,96.8544828426093,-37.9966754249558,195.6,4
"91837167",1,"однакову",100,100,-44.9890074534828,0,0
"91837167",2,"меншу",100,90.6866238359362,-47.3426635923284,-65.84,1
"91837167",3,"більшу",90.6866238359362,98.5311715235002,-43.4761470677606,42.32,2
"91888672",1,"однакову",100,100,-44.9890074534828,0,0
"91888672",2,"більшу",100,108.223793073557,-44.2493788764366,20.69,1
"91892945",1,"однакову",100,100,-44.9890074534828,0,0
"91892945",2,"меншу",100,93.8702555943746,-48.7629363504746,-105.57,1
"91892945",3,"меншу",93.8702555943746,86.0853188904002,-45.4179848785458,-12,2
"91892945",4,"більшу",86.0853188904002,91.3548779778648,-41.4578082828391,98.78,3
"91902171",1,"однакову",100,100,-44.9890074534828,0,0
"91902171",2,"більшу",100,109.817001580959,-40.5580281337695,123.95,1
"91902171",3,"меншу",109.817001580959,100.733544870745,-51.7382522744741,-188.8,2
"91935195",1,"однакову",100,100,-44.9890074534828,0,0
"91935195",2,"меншу",100,90.4565510293469,-56.6822170983252,-327.1,1
"91961406",1,"однакову",100,100,-44.9890074534828,0,0
"91961406",2,"однакову",100,100,-44.9890074534828,0,1
"91961406",3,"однакову",100,100,-44.9890074534828,0,2
"91965198",1,"однакову",100,100,-44.9890074534828,0,0
"91965198",2,"меншу",100,91.7935855605174,-48.2724721611525,-91.85,1
"91965198",3,"більшу",91.7935855605174,97.3452380637173,-38.4220780381433,183.7,2
"91965198",4,"меншу",97.3452380637173,91.6241803078447,-49.5543996997158,-127.71,3
"91965198",5,"меншу",91.6241803078447,85.1479623815976,-46.9905446225893,-55.99,4
"91965198",6,"однакову",85.1479623815976,85.1479623815976,-44.9890074534828,0,5
"91965198",7,"однакову",85.1479623815976,85.1479623815976,-44.9890074534828,0,6
"91965198",8,"більшу",85.1479623815976,90.2486596768722,-41.705542745813,91.85,7
"91965198",9,"меншу",90.2486596768722,83.7505780556239,-45.4072604429192,-11.7,8
"91966425",1,"однакову",100,100,-44.9890074534828,0,0
"91966425",2,"меншу",100,90.0387926411349,-46.0907644735196,-30.82,1
"92006619",1,"однакову",100,100,-44.9890074534828,0,0
"92006619",2,"більшу",100,107.823772893753,-36.2811232058913,243.59,1
"92006619",3,"меншу",107.823772893753,99.4278499588836,-53.6968917010742,-243.59,2
"92006619",4,"однакову",99.4278499588836,99.4278499588836,-44.9890074534828,0,3
"92008977",1,"однакову",100,100,-44.9890074534828,0,0
"92008977",2,"меншу",100,91.9798818347044,-49.6720110104206,-131,1
"92042102",1,"однакову",100,100,-44.9890074534828,0,0
"92042102",2,"меншу",100,93.7873278092593,-55.0113500277048,-280.36,1
"92042102",3,"більшу",93.7873278092593,100.501131529454,-32.3591970972528,353.3,2
"92042703",1,"однакову",100,100,-44.9890074534828,0,0
"92042703",2,"меншу",100,93.3194963855203,-46.025702897385,-29,1
"92042703",3,"меншу",93.3194963855203,87.3127220582683,-46.4232219779434,-40.12,2
"92055016",1,"однакову",100,100,-44.9890074534828,0,0
"92055016",2,"однакову",100,100,-44.9890074534828,0,1
"92055016",3,"однакову",100,100,-44.9890074534828,0,2
"92079490",1,"однакову",100,100,-44.9890074534828,0,0
"92079490",2,"меншу",100,92.3438256338704,-56.0398234042934,-309.13,1
"92079490",3,"однакову",92.3438256338704,92.3438256338704,-44.9890074534828,0,2
"92081100",1,"однакову",100,100,-44.9890074534828,0,0
"92081100",2,"меншу",100,92.606260854518,-105.410835254795,-1690.21,1
"92160859",1,"однакову",100,100,-44.9890074534828,0,0
"92160859",2,"меншу",100,93.0444943252951,-59.9567447763062,-418.7,1
"92160859",3,"більшу",93.0444943252951,102.221097321017,-37.8429585143082,199.9,2
"92160859",4,"більшу",102.221097321017,108.150364431785,-43.1980267038447,50.1,3
"92224616",1,"однакову",100,100,-44.9890074534828,0,0
"92224616",2,"більшу",100,106.700584613718,-40.4132482528107,128,1
"92232352",1,"однакову",100,100,-44.9890074534828,0,0
"92232352",2,"меншу",100,90.9431556961499,-54.1369510429514,-255.9,1
"92232352",3,"більшу",90.9431556961499,99.6440680033993,-33.0419861654781,334.2,2
"92232352",4,"більшу",99.6440680033993,108.556413468905,-44.5199921354139,13.1199999999999,3
"92232352",5,"меншу",108.556413468905,98.9690932061058,-60.62952437128,-437.52,4
"92232900",1,"однакову",100,100,-44.9890074534828,0,0
"92232900",2,"більшу",100,108.151313073467,29.9394069387098,2096.01,1
"92273792",1,"однакову",100,100,-44.9890074534828,0,0
"92273792",2,"меншу",100,91.0089901462197,-49.9976763722809,-140.11,1
"92329275",1,"однакову",100,100,-44.9890074534828,0,0
"92329275",2,"більшу",100,105.289864407387,-33.0026632348473,335.3,1
"92344802",1,"однакову",100,100,-44.9890074534828,0,0
"92344802",2,"однакову",100,100,-44.9890074534828,0,1
"92365570",1,"однакову",100,100,-44.9890074534828,0,0
"92365570",2,"меншу",100,94.7657721466385,-65.7786833967862,-581.56,1
"92365570",3,"меншу",94.7657721466385,88.4148175199516,-46.74066527249,-49,2
"92413154",1,"однакову",100,100,-44.9890074534828,0,0
"92413154",2,"більшу",100,105.38825211348,-41.9997497631687,83.62,1
"92413154",3,"меншу",105.38825211348,96.2456061656121,-45.6703665969578,-19.06,2
"92413154",4,"більшу",96.2456061656121,103.676536768908,-38.335210109568,186.13,3
"92450819",1,"однакову",100,100,-44.9890074534828,0,0
"92450819",2,"більшу",100,109.865819785045,-42.3347096359054,74.25,1
"92456795",1,"однакову",100,100,-44.9890074534828,0,0
"92456795",2,"більшу",100,107.585580768064,-28.8129837167319,452.5,1
"92456795",3,"меншу",107.585580768064,99.9592853628565,-75.6894918404919,-858.8,2
"92456795",4,"меншу",99.9592853628565,91.9095539022237,-46.9480043612705,-54.8,3
"92489190",1,"однакову",100,100,-44.9890074534828,0,0
"92489190",2,"більшу",100,109.869975931942,-43.4489784975066,43.08,1
"92489190",3,"більшу",109.869975931942,116.204935901333,-43.3174254204873,46.7599999999999,2
"92495797",1,"однакову",100,100,-44.9890074534828,0,0
"92495797",2,"меншу",100,93.9145555871073,-68.7572166514737,-664.88,1
"92495797",3,"більшу",93.9145555871073,102.835049949354,-35.8918261926466,254.48,2
"92495797",4,"більшу",102.835049949354,111.968328788644,-27.945376874542,476.77,3
"92646853",1,"однакову",100,100,-44.9890074534828,0,0
"92646853",2,"більшу",100,105.554970491212,-43.1858723434679,50.44,1
"92646853",3,"більшу",105.554970491212,112.167121797102,-35.7659928146281,258,2
"92646853",4,"меншу",112.167121797102,103.917908462463,-57.1451552362057,-340.05,3
"92646853",5,"однакову",103.917908462463,103.917908462463,-44.9890074534828,0,4
"92646853",6,"більшу",103.917908462463,112.510924086673,-35.4946645932758,265.59,5
"92646853",7,"меншу",112.510924086673,106.521963785635,-54.4833503136898,-265.59,6
"92647155",1,"однакову",100,100,-44.9890074534828,0,0
"92647155",2,"однакову",100,100,-44.9890074534828,0,1
"92661803",1,"однакову",100,100,-44.9890074534828,0,0
"92661803",2,"однакову",100,100,-44.9890074534828,0,1
"92661803",3,"більшу",100,106.705249078805,-34.8708599209967,283.04,2
"92716110",1,"однакову",100,100,-44.9890074534828,0,0
"92716110",2,"однакову",100,100,-44.9890074534828,0,1
"92761734",1,"однакову",100,100,-44.9890074534828,0,0
"92761734",2,"більшу",100,107.24971237476,-44.1650133161743,23.05,1
"92761734",3,"меншу",107.24971237476,102.099544034572,-50.3583748905214,-150.2,2
"92761734",4,"більшу",102.099544034572,107.424854548881,-42.3883318140383,72.75,3
"92761734",5,"більшу",107.424854548881,112.77172411792,-42.6360662770122,65.8199999999999,4
"92761734",6,"більшу",112.77172411792,120.078424001113,-43.5311991706436,40.78,5
"92761734",7,"меншу",120.078424001113,111.572065113578,-46.635208322162,-46.05,6
"92761734",8,"більшу",111.572065113578,121.503392463783,-40.282767619354,131.65,7
"92761734",9,"меншу",121.503392463783,113.113614050671,-48.8319302196722,-107.5,8
"92787630",1,"однакову",100,100,-44.9890074534828,0,0
"92787630",2,"меншу",100,90.7711454737,-50.284376284698,-148.13,1
"92803176",1,"однакову",100,100,-44.9890074534828,0,0
"92803176",2,"більшу",100,106.398015100276,42.85984950042,2457.44,1
"92803176",3,"меншу",106.398015100276,98.6787576903589,-118.392049618389,-2053.34,2
"92828330",1,"однакову",100,100,-44.9890074534828,0,0
"92828330",2,"більшу",100,105.069722501794,-27.5921854612401,486.65,1
"92845458",1,"однакову",100,100,-44.9890074534828,0,0
"92845458",2,"більшу",100,107.262580915121,-44.8174164834576,4.80000000000001,1
"92847721",1,"однакову",100,100,-44.9890074534828,0,0
"92847721",2,"більшу",100,108.979691524291,-36.6936564963269,232.05,1
"92850751",1,"однакову",100,100,-44.9890074534828,0,0
"92850751",2,"однакову",100,100,-44.9268057268486,1.74000000000001,1
"92859504",1,"однакову",100,100,-44.9890074534828,0,0
"92859504",2,"більшу",100,106.279615724925,-35.1404007364113,275.5,1
"92872702",1,"однакову",100,100,-44.9890074534828,0,0
"92872702",2,"більшу",100,107.386101243319,-42.4155003842923,71.99,1
"92874636",1,"однакову",100,100,-44.9890074534828,0,0
"92874636",2,"більшу",100,105.132609431166,-25.6696516345827,540.43,1
"92891042",1,"однакову",100,100,-44.9890074534828,0,0
"92891042",2,"більшу",100,108.077249391936,-43.3274348937387,46.48,1
"92921704",1,"однакову",100,100,-44.9890074534828,0,0
"92921704",2,"більшу",100,108.48496590741,-28.9044989007454,449.94,1
"92921704",3,"більшу",108.48496590741,117.787328914274,-39.6968559529555,148.04,2
"92921704",4,"меншу",117.787328914274,110.188295604894,-68.7178937208429,-663.78,3
"92921719",1,"однакову",100,100,-44.9890074534828,0,0
"92921719",2,"однакову",100,100,-45.0211807603625,-0.899999999999977,1
"92924252",1,"однакову",100,100,-44.9890074534828,0,0
"92924252",2,"меншу",100,94.3720262614079,-47.2983359250719,-64.6,1
"92924252",3,"більшу",94.3720262614079,101.089138304815,-41.7777539456986,89.83,2
"92924252",4,"більшу",101.089138304815,110.86612251238,-43.5755268379002,39.54,3
"92936096",1,"однакову",100,100,-44.9890074534828,0,0
"92936096",2,"більшу",100,109.457124216715,-42.1438146817524,79.59,1
"92936805",1,"однакову",100,100,-44.9890074534828,0,0
"92936805",2,"меншу",100,91.4341843686998,-51.7382522744741,-188.8,1
"92936805",3,"більшу",91.4341843686998,99.1077465121634,-25.3990383756055,548,2
"92936805",4,"меншу",99.1077465121634,92.8418194572441,-68.6113643269523,-660.8,3
"92950922",1,"однакову",100,100,-44.9890074534828,0,0
"92950922",2,"однакову",100,100,-44.9890074534828,0,1
"92950922",3,"однакову",100,100,-44.9890074534828,0,2
"92950967",1,"однакову",100,100,-44.9890074534828,0,0
"92950967",2,"однакову",100,100,-44.9890074534828,0,1
"92950967",3,"більшу",100,105.767936601769,-21.2207982554918,664.88,2
"92978727",1,"однакову",100,100,-44.9890074534828,0,0
"92978727",2,"меншу",100,91.2369092414156,-50.2414785421917,-146.93,1
"92978727",3,"більшу",91.2369092414156,98.3879676682409,-34.7875668042969,285.37,2
"93001086",1,"однакову",100,100,-44.9890074534828,0,0
"93001086",2,"більшу",100,108.766706291353,-37.9480579834486,196.96,1
"93058680",1,"однакову",100,100,-44.9890074534828,0,0
"93058680",2,"більшу",100,105.099164226558,-39.261086385329,160.23,1
"93062180",1,"однакову",100,100,-44.9890074534828,0,0
"93062180",2,"більшу",100,108.934822945157,-31.8694478703058,367,1
"93063843",1,"однакову",100,100,-44.9890074534828,0,0
"93063843",2,"більшу",100,107.486559763784,-39.7822939567805,145.65,1
"93064877",1,"однакову",100,100,-44.9890074534828,0,0
"93064877",2,"меншу",100,92.1985039825086,-45.9184585411193,-26,1
"93090134",1,"однакову",100,100,-44.9890074534828,0,0
"93090134",2,"більшу",100,109.302152456949,-23.1755053890289,610.2,1
"93090134",3,"меншу",109.302152456949,100.881640447769,-61.7655995853218,-469.3,2
"93090134",4,"більшу",100.881640447769,110.514335082844,-36.7490660803975,230.5,3
"93090134",5,"меншу",110.514335082844,103.860992888222,-51.6095590469552,-185.2,4
"93104699",1,"однакову",100,100,-44.9890074534828,0,0
"93104699",2,"більшу",100,106.366116028512,-21.6397662073034,653.16,1
"93125160",1,"однакову",100,100,-44.9890074534828,0,0
"93125160",2,"меншу",100,93.4832997305784,-55.230843476862,-286.5,1
"93125160",3,"меншу",93.4832997305784,83.7671742634848,-50.0509410692262,-141.6,2
"93135051",1,"однакову",100,100,-44.9890074534828,0,0
"93135051",2,"більшу",100,105.141551215202,-43.1372549019608,51.8,1
"93161987",1,"однакову",100,100,-44.9890074534828,0,0
"93161987",2,"меншу",100,90.5054624343757,-58.2658587591828,-371.4,1
"93177383",1,"однакову",100,100,-44.9890074534828,0,0
"93177383",2,"більшу",100,107.485786766047,-40.8672493610024,115.3,1
"93185724",1,"однакову",100,100,-44.9890074534828,0,0
"93185724",2,"більшу",100,107.699998886092,-29.1926287379127,441.88,1
"93237783",1,"однакову",100,100,-44.9890074534828,0,0
"93237783",2,"більшу",100,105.579123940552,-35.782079468068,257.55,1
"93255844",1,"однакову",100,100,-44.9890074534828,0,0
"93255844",2,"більшу",100,105.204206536291,-28.6521171823333,457,1
"93256014",1,"однакову",100,100,-44.9890074534828,0,0
"93256014",2,"більшу",100,108.850510021439,-44.5371512324164,12.64,1
"93256014",3,"меншу",108.850510021439,103.272057421273,-45.1155557938764,-3.54000000000002,2
"93256014",4,"більшу",103.272057421273,112.180521338014,-38.3323502600676,186.21,3
"93288008",1,"однакову",100,100,-44.9890074534828,0,0
"93288008",2,"більшу",100,108.8193374197,-44.5196346542263,13.13,1
"93288008",3,"меншу",108.8193374197,103.104077872122,-45.4583802527392,-13.13,2
"93288008",4,"меншу",103.104077872122,94.8137455852702,-47.6851305700038,-75.42,3
"93322671",1,"однакову",100,100,-44.9890074534828,0,0
"93322671",2,"однакову",100,100,-44.9890074534828,0,1
"93322671",3,"однакову",100,100,-44.9890074534828,0,2
"93322671",4,"меншу",100,93.5925539571326,-46.386043934438,-39.08,3
"93340513",1,"однакову",100,100,-44.9890074534828,0,0
"93340513",2,"однакову",100,100,-44.9890074534828,0,1
"93344060",1,"однакову",100,100,-44.9890074534828,0,0
"93344060",2,"меншу",100,94.9139370769262,-46.3703147621856,-38.6399999999999,1
"93359191",1,"однакову",100,100,-44.9890074534828,0,0
"93359191",2,"меншу",100,91.647244571941,-50.4963626289167,-154.06,1
"93371808",1,"однакову",100,100,-44.9890074534828,0,0
"93371808",2,"більшу",100,107.984887034399,-43.8736661483189,31.2,1
"93371808",3,"більшу",107.984887034399,115.866773274029,-44.1846747814896,22.5,2
"93382270",1,"однакову",100,100,-44.9890074534828,0,0
"93382270",2,"меншу",100,90.3762024617754,-47.1338945787978,-60,1
"93382270",3,"більшу",90.3762024617754,96.1725371913053,-42.8441203281677,60,2
"93382270",4,"однакову",96.1725371913053,96.1725371913053,-44.9890074534828,0,3
"93439868",1,"однакову",100,100,-44.9890074534828,0,0
"93439868",2,"меншу",100,91.3819162989967,-52.5586715999071,-211.75,1
"93439868",3,"більшу",91.3819162989967,97.1358991472516,-27.5786011761131,487.03,2
"93442375",1,"однакову",100,100,-44.9890074534828,0,0
"93442659",1,"однакову",100,100,-44.9890074534828,0,0
"93449461",1,"однакову",100,100,-44.9890074534828,0,0
"93449461",2,"більшу",100,105.460440611932,-12.7985414767548,900.48,1
"93449461",3,"меншу",105.460440611932,97.8145899786614,-79.2357052210128,-958,2
"93461668",1,"однакову",100,100,-44.9890074534828,0,0
"93461668",2,"більшу",100,109.48141079396,-44.4295493949631,15.65,1
"93461668",3,"більшу",109.48141079396,115.347515309695,-25.191699286825,553.8,2
"93461668",4,"меншу",115.347515309695,105.657930425368,-52.5032620158364,-210.2,3
"93461668",5,"більшу",105.657930425368,110.812975575682,-34.2574222031566,300.2,4
"93461668",6,"меншу",110.812975575682,103.163756499998,-46.8986719573883,-53.4200000000001,5
"93511084",1,"однакову",100,100,-44.9890074534828,0,0
"93511084",2,"більшу",100,105.521912948461,-19.3951418306612,715.95,1
"93552285",1,"однакову",100,100,-44.9890074534828,0,0
"93552285",2,"більшу",100,109.228293098276,-19.0541047777361,725.49,1
"93552768",1,"однакову",100,100,-44.9890074534828,0,0
"93552768",2,"однакову",100,100,-44.9890074534828,0,1
"93575581",1,"однакову",100,100,-44.9890074534828,0,0
"93575581",2,"більшу",100,107.278020842932,-29.6173163887251,430,1
"93575581",3,"однакову",107.278020842932,107.278020842932,-44.9890074534828,0,2
"93575581",4,"однакову",107.278020842932,107.278020842932,-44.9890074534828,0,3
"93575581",5,"меншу",107.278020842932,98.5275059670676,-59.2167587180725,-398,4
"93577249",1,"однакову",100,100,-44.9890074534828,0,0
"93577249",2,"меншу",100,90.7490107952617,-48.5059073766243,-98.38,1
"93577249",3,"меншу",90.7490107952617,82.9236879548989,-48.1841743078271,-89.38,2
"93600534",1,"однакову",100,100,-44.9890074534828,0,0
"93600534",2,"однакову",100,100,-44.9890074534828,0,1
"93618651",1,"однакову",100,100,-44.9890074534828,0,0
"93618651",2,"однакову",100,100,-44.9890074534828,0,1
"93618651",3,"однакову",100,100,-44.9890074534828,0,2
"93618651",4,"однакову",100,100,-44.9890074534828,0,3
"93642326",1,"однакову",100,100,-44.9890074534828,0,0
"93642326",2,"більшу",100,106.34800460306,-41.1385775823547,107.71,1
"93642326",3,"більшу",106.34800460306,112.900674554985,-39.945662859492,141.08,2
"93656297",1,"однакову",100,100,-44.9890074534828,0,0
"93656297",2,"меншу",100,92.4700685753487,-57.2677712835362,-343.48,1
"93656297",3,"меншу",92.4700685753487,85.3257827786729,-67.3440935170787,-625.35,2
"93656297",4,"більшу",85.3257827786729,91.9394705153536,-41.5296620015372,96.77,3
"93656895",1,"однакову",100,100,-44.9890074534828,0,0
"93656895",2,"більшу",100,108.840255435789,-41.9808032602284,84.15,1
"93656895",3,"меншу",108.840255435789,102.76629745611,-47.9972116467371,-84.15,2
"93656895",4,"однакову",102.76629745611,102.76629745611,-44.9890074534828,0,3
"93656895",5,"більшу",102.76629745611,108.689295224613,-41.9808032602284,84.15,4
"93656895",6,"більшу",108.689295224613,117.678739528637,-40.704595420666,119.85,5
"93687201",1,"однакову",100,100,-44.9890074534828,0,0
"93687201",2,"однакову",100,100,-44.9890074534828,0,1
"93691111",1,"однакову",100,100,-44.9890074534828,0,0
"93691111",2,"більшу",100,106.758970716037,-41.7681019536347,90.1,1
"93712524",1,"однакову",100,100,-44.9890074534828,0,0
"93712524",2,"меншу",100,92.0366284844931,-49.6827354460472,-131.3,1
"93761045",1,"однакову",100,100,-44.9890074534828,0,0
"93761045",2,"меншу",100,91.9071851973422,-48.4311938084258,-96.29,1
"93761045",3,"більшу",91.9071851973422,97.9905912873801,-28.2188499830197,469.12,2
"93800515",1,"однакову",100,100,-44.9890074534828,0,0
"93800515",2,"меншу",100,90.7794007495977,-48.7611489445368,-105.52,1
"93800515",3,"більшу",90.7794007495977,97.4534565943759,-31.9909914740737,363.6,2
"93843462",1,"однакову",100,100,-44.9890074534828,0,0
"93843462",2,"меншу",100,93.6611351824831,-47.5982626414285,-72.99,1
"93850226",1,"однакову",100,100,-44.9890074534828,0,0
"93850226",2,"меншу",100,91.6645834967494,-45.7754660660983,-22,1
"93890397",1,"однакову",100,100,-44.9890074534828,0,0
"93890397",2,"більшу",100,109.0327550238,-42.4637603446119,70.64,1
"93911166",1,"однакову",100,100,-44.9890074534828,0,0
"93911166",2,"меншу",100,92.3631301568821,-120,-2098.32,1
"93931537",1,"однакову",100,100,-44.9890074534828,0,0
"93931537",2,"більшу",100,108.189133525593,30.433803421095,2109.84,1
"93938699",1,"однакову",100,100,-44.9890074534828,0,0
"93938699",2,"меншу",100,90.6695473729633,-55.3881351993851,-290.9,1
